INSERT INTO tenants (id, name, slug) VALUES
  ('a0000000-0000-0000-0000-000000000001', 'Acme Corp', 'acme'),
  ('a0000000-0000-0000-0000-000000000002', 'Globex Inc', 'globex'),
  ('a0000000-0000-0000-0000-000000000003', 'Initech', 'initech')
ON CONFLICT (slug) DO NOTHING;

INSERT INTO resources (id, tenant_id, name, description) VALUES
  ('b0000000-0000-0000-0000-000000000001', 'a0000000-0000-0000-0000-000000000001', 'Cloud Hosting', 'Managed cloud hosting service'),
  ('b0000000-0000-0000-0000-000000000002', 'a0000000-0000-0000-0000-000000000001', 'SSL Certificates', 'Domain-validated SSL certificates'),
  ('b0000000-0000-0000-0000-000000000003', 'a0000000-0000-0000-0000-000000000002', 'Consulting Hours', 'Expert consulting sessions'),
  ('b0000000-0000-0000-0000-000000000004', 'a0000000-0000-0000-0000-000000000003', 'Software License', 'Annual software license')
ON CONFLICT (id) DO NOTHING;

INSERT INTO resource_variants (id, resource_id, tenant_id, name, price_cents, currency) VALUES
  ('c0000000-0000-0000-0000-000000000001', 'b0000000-0000-0000-0000-000000000001', 'a0000000-0000-0000-0000-000000000001', 'Basic Plan', 2900, 'USD'),
  ('c0000000-0000-0000-0000-000000000002', 'b0000000-0000-0000-0000-000000000001', 'a0000000-0000-0000-0000-000000000001', 'Pro Plan', 9900, 'USD'),
  ('c0000000-0000-0000-0000-000000000003', 'b0000000-0000-0000-0000-000000000002', 'a0000000-0000-0000-0000-000000000001', 'Single Domain', 499, 'USD'),
  ('c0000000-0000-0000-0000-000000000004', 'b0000000-0000-0000-0000-000000000003', 'a0000000-0000-0000-0000-000000000002', 'Standard', 15000, 'USD'),
  ('c0000000-0000-0000-0000-000000000005', 'b0000000-0000-0000-0000-000000000003', 'a0000000-0000-0000-0000-000000000002', 'Premium', 25000, 'USD'),
  ('c0000000-0000-0000-0000-000000000006', 'b0000000-0000-0000-0000-000000000004', 'a0000000-0000-0000-0000-000000000003', 'Annual License', 49900, 'USD')
ON CONFLICT (id) DO NOTHING;

INSERT INTO orders (id, tenant_id, resource_variant_id, quantity, total_cents, currency, status, idempotency_key) VALUES
  ('d0000000-0000-0000-0000-000000000001', 'a0000000-0000-0000-0000-000000000001', 'c0000000-0000-0000-0000-000000000002', 1, 9900, 'USD', 'paid', 'idem-acme-order-001'),
  ('d0000000-0000-0000-0000-000000000002', 'a0000000-0000-0000-0000-000000000001', 'c0000000-0000-0000-0000-000000000001', 3, 8700, 'USD', 'draft', 'idem-acme-order-002'),
  ('d0000000-0000-0000-0000-000000000003', 'a0000000-0000-0000-0000-000000000002', 'c0000000-0000-0000-0000-000000000004', 2, 30000, 'USD', 'pending_payment', 'idem-globex-order-001')
ON CONFLICT (id) DO NOTHING;

INSERT INTO order_status_transitions (id, order_id, tenant_id, from_status, to_status, reason) VALUES
  ('e0000000-0000-0000-0000-000000000001', 'd0000000-0000-0000-0000-000000000001', 'a0000000-0000-0000-0000-000000000001', 'draft', 'pending_payment', 'Customer submitted order'),
  ('e0000000-0000-0000-0000-000000000002', 'd0000000-0000-0000-0000-000000000001', 'a0000000-0000-0000-0000-000000000001', 'pending_payment', 'paid', 'Payment confirmed by payment processor'),
  ('e0000000-0000-0000-0000-000000000003', 'd0000000-0000-0000-0000-000000000003', 'a0000000-0000-0000-0000-000000000002', 'draft', 'pending_payment', 'Order placed, awaiting payment')
ON CONFLICT (id) DO NOTHING;

INSERT INTO ledger_entries (id, tenant_id, order_id, entry_type, amount_cents, currency, description) VALUES
  ('f0000000-0000-0000-0000-000000000001', 'a0000000-0000-0000-0000-000000000001', 'd0000000-0000-0000-0000-000000000001', 'credit', 8910, 'USD', 'Acme Corp payout for Pro Plan (after 10% commission)'),
  ('f0000000-0000-0000-0000-000000000002', 'a0000000-0000-0000-0000-000000000001', 'd0000000-0000-0000-0000-000000000001', 'debit', 990, 'USD', 'Platform commission for Pro Plan (10%)')
ON CONFLICT (id) DO NOTHING;
